AÑO,MES_NUM,DEPARTAMENTO,DELITO,CAPTURAS
2022,1,AMAZONAS,CAPTURAS,53
2022,1,ANTIOQUIA,CAPTURAS,2643
2022,1,ARAUCA,CAPTURAS,31
2022,1,ATLÁNTICO,CAPTURAS,879
2022,1,BOLÍVAR,CAPTURAS,766
2022,1,BOYACÁ,CAPTURAS,288
2022,1,CALDAS,CAPTURAS,792
2022,1,CAQUETÁ,CAPTURAS,151
2022,1,CASANARE,CAPTURAS,192
2022,1,CAUCA,CAPTURAS,353
2022,1,CESAR,CAPTURAS,253
2022,1,CHOCÓ,CAPTURAS,61
2022,1,CUNDINAMARCA,CAPTURAS,3573
2022,1,CÓRDOBA,CAPTURAS,329
2022,1,GUAINÍA,CAPTURAS,12
2022,1,GUAJIRA,CAPTURAS,191
2022,1,GUAVIARE,CAPTURAS,33
2022,1,HUILA,CAPTURAS,406
2022,1,MAGDALENA,CAPTURAS,308
2022,1,META,CAPTURAS,341
2022,1,NARIÑO,CAPTURAS,504
2022,1,NORTE DE SANTANDER,CAPTURAS,797
2022,1,PUTUMAYO,CAPTURAS,92
2022,1,QUINDÍO,CAPTURAS,224
2022,1,RISARALDA,CAPTURAS,368
2022,1,SAN ANDRÉS,CAPTURAS,24
2022,1,SANTANDER,CAPTURAS,1480
2022,1,SUCRE,CAPTURAS,342
2022,1,TOLIMA,CAPTURAS,423
2022,1,VALLE,CAPTURAS,1087
2022,1,VAUPÉS,CAPTURAS,15
2022,1,VICHADA,CAPTURAS,10
2022,2,AMAZONAS,CAPTURAS,24
2022,2,ANTIOQUIA,CAPTURAS,3345
2022,2,ARAUCA,CAPTURAS,46
2022,2,ATLÁNTICO,CAPTURAS,950
2022,2,BOLÍVAR,CAPTURAS,797
2022,2,BOYACÁ,CAPTURAS,351
2022,2,CALDAS,CAPTURAS,744
2022,2,CAQUETÁ,CAPTURAS,137
2022,2,CASANARE,CAPTURAS,254
2022,2,CAUCA,CAPTURAS,401
2022,2,CESAR,CAPTURAS,262
2022,2,CHOCÓ,CAPTURAS,83
2022,2,CUNDINAMARCA,CAPTURAS,3970
2022,2,CÓRDOBA,CAPTURAS,384
2022,2,GUAINÍA,CAPTURAS,11
2022,2,GUAJIRA,CAPTURAS,249
2022,2,GUAVIARE,CAPTURAS,33
2022,2,HUILA,CAPTURAS,494
2022,2,MAGDALENA,CAPTURAS,418
2022,2,META,CAPTURAS,461
2022,2,NARIÑO,CAPTURAS,606
2022,2,NORTE DE SANTANDER,CAPTURAS,889
2022,2,PUTUMAYO,CAPTURAS,91
2022,2,QUINDÍO,CAPTURAS,263
2022,2,RISARALDA,CAPTURAS,490
2022,2,SAN ANDRÉS,CAPTURAS,34
2022,2,SANTANDER,CAPTURAS,1922
2022,2,SUCRE,CAPTURAS,483
2022,2,TOLIMA,CAPTURAS,470
2022,2,VALLE,CAPTURAS,1320
2022,2,VAUPÉS,CAPTURAS,11
2022,2,VICHADA,CAPTURAS,13
2022,3,AMAZONAS,CAPTURAS,29
2022,3,ANTIOQUIA,CAPTURAS,3156
2022,3,ARAUCA,CAPTURAS,77
2022,3,ATLÁNTICO,CAPTURAS,948
2022,3,BOLÍVAR,CAPTURAS,795
2022,3,BOYACÁ,CAPTURAS,407
2022,3,CALDAS,CAPTURAS,603
2022,3,CAQUETÁ,CAPTURAS,157
2022,3,CASANARE,CAPTURAS,254
2022,3,CAUCA,CAPTURAS,490
2022,3,CESAR,CAPTURAS,384
2022,3,CHOCÓ,CAPTURAS,86
2022,3,CUNDINAMARCA,CAPTURAS,4298
2022,3,CÓRDOBA,CAPTURAS,392
2022,3,GUAINÍA,CAPTURAS,16
2022,3,GUAJIRA,CAPTURAS,247
2022,3,GUAVIARE,CAPTURAS,29
2022,3,HUILA,CAPTURAS,571
2022,3,MAGDALENA,CAPTURAS,450
2022,3,META,CAPTURAS,601
2022,3,NARIÑO,CAPTURAS,854
2022,3,NORTE DE SANTANDER,CAPTURAS,1019
2022,3,PUTUMAYO,CAPTURAS,143
2022,3,QUINDÍO,CAPTURAS,256
2022,3,RISARALDA,CAPTURAS,518
2022,3,SAN ANDRÉS,CAPTURAS,51
2022,3,SANTANDER,CAPTURAS,1971
2022,3,SUCRE,CAPTURAS,416
2022,3,TOLIMA,CAPTURAS,432
2022,3,VALLE,CAPTURAS,1539
2022,3,VAUPÉS,CAPTURAS,21
2022,3,VICHADA,CAPTURAS,20
2022,4,AMAZONAS,CAPTURAS,30
2022,4,ANTIOQUIA,CAPTURAS,2056
2022,4,ARAUCA,CAPTURAS,47
2022,4,ATLÁNTICO,CAPTURAS,654
2022,4,BOLÍVAR,CAPTURAS,496
2022,4,BOYACÁ,CAPTURAS,313
2022,4,CALDAS,CAPTURAS,530
2022,4,CAQUETÁ,CAPTURAS,96
2022,4,CASANARE,CAPTURAS,171
2022,4,CAUCA,CAPTURAS,293
2022,4,CESAR,CAPTURAS,321
2022,4,CHOCÓ,CAPTURAS,76
2022,4,CUNDINAMARCA,CAPTURAS,2725
2022,4,CÓRDOBA,CAPTURAS,300
2022,4,GUAINÍA,CAPTURAS,10
2022,4,GUAJIRA,CAPTURAS,211
2022,4,GUAVIARE,CAPTURAS,35
2022,4,HUILA,CAPTURAS,388
2022,4,MAGDALENA,CAPTURAS,361
2022,4,META,CAPTURAS,401
2022,4,NARIÑO,CAPTURAS,555
2022,4,NORTE DE SANTANDER,CAPTURAS,663
2022,4,PUTUMAYO,CAPTURAS,125
2022,4,QUINDÍO,CAPTURAS,257
2022,4,RISARALDA,CAPTURAS,318
2022,4,SAN ANDRÉS,CAPTURAS,27
2022,4,SANTANDER,CAPTURAS,1112
2022,4,SUCRE,CAPTURAS,303
2022,4,TOLIMA,CAPTURAS,300
2022,4,VALLE,CAPTURAS,1256
2022,4,VAUPÉS,CAPTURAS,8
2022,4,VICHADA,CAPTURAS,21
2022,5,AMAZONAS,CAPTURAS,21
2022,5,ANTIOQUIA,CAPTURAS,2313
2022,5,ARAUCA,CAPTURAS,59
2022,5,ATLÁNTICO,CAPTURAS,846
2022,5,BOLÍVAR,CAPTURAS,653
2022,5,BOYACÁ,CAPTURAS,356
2022,5,CALDAS,CAPTURAS,526
2022,5,CAQUETÁ,CAPTURAS,181
2022,5,CASANARE,CAPTURAS,205
2022,5,CAUCA,CAPTURAS,422
2022,5,CESAR,CAPTURAS,427
2022,5,CHOCÓ,CAPTURAS,61
2022,5,CUNDINAMARCA,CAPTURAS,3936
2022,5,CÓRDOBA,CAPTURAS,377
2022,5,GUAINÍA,CAPTURAS,18
2022,5,GUAJIRA,CAPTURAS,291
2022,5,GUAVIARE,CAPTURAS,42
2022,5,HUILA,CAPTURAS,461
2022,5,MAGDALENA,CAPTURAS,448
2022,5,META,CAPTURAS,610
2022,5,NARIÑO,CAPTURAS,703
2022,5,NORTE DE SANTANDER,CAPTURAS,723
2022,5,PUTUMAYO,CAPTURAS,124
2022,5,QUINDÍO,CAPTURAS,307
2022,5,RISARALDA,CAPTURAS,398
2022,5,SAN ANDRÉS,CAPTURAS,49
2022,5,SANTANDER,CAPTURAS,1373
2022,5,SUCRE,CAPTURAS,297
2022,5,TOLIMA,CAPTURAS,385
2022,5,VALLE,CAPTURAS,1401
2022,5,VAUPÉS,CAPTURAS,7
2022,5,VICHADA,CAPTURAS,25
2022,6,AMAZONAS,CAPTURAS,23
2022,6,ANTIOQUIA,CAPTURAS,2528
2022,6,ARAUCA,CAPTURAS,72
2022,6,ATLÁNTICO,CAPTURAS,767
2022,6,BOLÍVAR,CAPTURAS,836
2022,6,BOYACÁ,CAPTURAS,284
2022,6,CALDAS,CAPTURAS,513
2022,6,CAQUETÁ,CAPTURAS,150
2022,6,CASANARE,CAPTURAS,158
2022,6,CAUCA,CAPTURAS,366
2022,6,CESAR,CAPTURAS,405
2022,6,CHOCÓ,CAPTURAS,80
2022,6,CUNDINAMARCA,CAPTURAS,3789
2022,6,CÓRDOBA,CAPTURAS,376
2022,6,GUAINÍA,CAPTURAS,20
2022,6,GUAJIRA,CAPTURAS,287
2022,6,GUAVIARE,CAPTURAS,53
2022,6,HUILA,CAPTURAS,444
2022,6,MAGDALENA,CAPTURAS,375
2022,6,META,CAPTURAS,570
2022,6,NARIÑO,CAPTURAS,734
2022,6,NORTE DE SANTANDER,CAPTURAS,745
2022,6,PUTUMAYO,CAPTURAS,121
2022,6,QUINDÍO,CAPTURAS,225
2022,6,RISARALDA,CAPTURAS,385
2022,6,SAN ANDRÉS,CAPTURAS,34
2022,6,SANTANDER,CAPTURAS,1185
2022,6,SUCRE,CAPTURAS,322
2022,6,TOLIMA,CAPTURAS,360
2022,6,VALLE,CAPTURAS,1279
2022,6,VAUPÉS,CAPTURAS,12
2022,6,VICHADA,CAPTURAS,34
2022,7,AMAZONAS,CAPTURAS,24
2022,7,ANTIOQUIA,CAPTURAS,2583
2022,7,ARAUCA,CAPTURAS,46
2022,7,ATLÁNTICO,CAPTURAS,739
2022,7,BOLÍVAR,CAPTURAS,545
2022,7,BOYACÁ,CAPTURAS,270
2022,7,CALDAS,CAPTURAS,406
2022,7,CAQUETÁ,CAPTURAS,114
2022,7,CASANARE,CAPTURAS,122
2022,7,CAUCA,CAPTURAS,333
2022,7,CESAR,CAPTURAS,323
2022,7,CHOCÓ,CAPTURAS,55
2022,7,CUNDINAMARCA,CAPTURAS,2986
2022,7,CÓRDOBA,CAPTURAS,289
2022,7,GUAINÍA,CAPTURAS,12
2022,7,GUAJIRA,CAPTURAS,251
2022,7,GUAVIARE,CAPTURAS,37
2022,7,HUILA,CAPTURAS,354
2022,7,MAGDALENA,CAPTURAS,286
2022,7,META,CAPTURAS,537
2022,7,NARIÑO,CAPTURAS,514
2022,7,NORTE DE SANTANDER,CAPTURAS,714
2022,7,PUTUMAYO,CAPTURAS,119
2022,7,QUINDÍO,CAPTURAS,230
2022,7,RISARALDA,CAPTURAS,409
2022,7,SAN ANDRÉS,CAPTURAS,40
2022,7,SANTANDER,CAPTURAS,1260
2022,7,SUCRE,CAPTURAS,204
2022,7,TOLIMA,CAPTURAS,335
2022,7,VALLE,CAPTURAS,1237
2022,7,VAUPÉS,CAPTURAS,7
2022,7,VICHADA,CAPTURAS,13
2022,8,AMAZONAS,CAPTURAS,19
2022,8,ANTIOQUIA,CAPTURAS,2016
2022,8,ARAUCA,CAPTURAS,36
2022,8,ATLÁNTICO,CAPTURAS,741
2022,8,BOLÍVAR,CAPTURAS,514
2022,8,BOYACÁ,CAPTURAS,278
2022,8,CALDAS,CAPTURAS,390
2022,8,CAQUETÁ,CAPTURAS,140
2022,8,CASANARE,CAPTURAS,142
2022,8,CAUCA,CAPTURAS,299
2022,8,CESAR,CAPTURAS,298
2022,8,CHOCÓ,CAPTURAS,84
2022,8,CUNDINAMARCA,CAPTURAS,2919
2022,8,CÓRDOBA,CAPTURAS,297
2022,8,GUAINÍA,CAPTURAS,21
2022,8,GUAJIRA,CAPTURAS,222
2022,8,GUAVIARE,CAPTURAS,36
2022,8,HUILA,CAPTURAS,349
2022,8,MAGDALENA,CAPTURAS,278
2022,8,META,CAPTURAS,469
2022,8,NARIÑO,CAPTURAS,369
2022,8,NORTE DE SANTANDER,CAPTURAS,670
2022,8,PUTUMAYO,CAPTURAS,100
2022,8,QUINDÍO,CAPTURAS,160
2022,8,RISARALDA,CAPTURAS,348
2022,8,SAN ANDRÉS,CAPTURAS,33
2022,8,SANTANDER,CAPTURAS,1039
2022,8,SUCRE,CAPTURAS,166
2022,8,TOLIMA,CAPTURAS,459
2022,8,VALLE,CAPTURAS,1197
2022,8,VAUPÉS,CAPTURAS,13
2022,8,VICHADA,CAPTURAS,17
2022,9,AMAZONAS,CAPTURAS,34
2022,9,ANTIOQUIA,CAPTURAS,2211
2022,9,ARAUCA,CAPTURAS,66
2022,9,ATLÁNTICO,CAPTURAS,583
2022,9,BOLÍVAR,CAPTURAS,641
2022,9,BOYACÁ,CAPTURAS,286
2022,9,CALDAS,CAPTURAS,345
2022,9,CAQUETÁ,CAPTURAS,144
2022,9,CASANARE,CAPTURAS,123
2022,9,CAUCA,CAPTURAS,334
2022,9,CESAR,CAPTURAS,303
2022,9,CHOCÓ,CAPTURAS,86
2022,9,CUNDINAMARCA,CAPTURAS,2998
2022,9,CÓRDOBA,CAPTURAS,218
2022,9,GUAINÍA,CAPTURAS,12
2022,9,GUAJIRA,CAPTURAS,206
2022,9,GUAVIARE,CAPTURAS,39
2022,9,HUILA,CAPTURAS,316
2022,9,MAGDALENA,CAPTURAS,246
2022,9,META,CAPTURAS,426
2022,9,NARIÑO,CAPTURAS,484
2022,9,NORTE DE SANTANDER,CAPTURAS,580
2022,9,PUTUMAYO,CAPTURAS,100
2022,9,QUINDÍO,CAPTURAS,209
2022,9,RISARALDA,CAPTURAS,331
2022,9,SAN ANDRÉS,CAPTURAS,35
2022,9,SANTANDER,CAPTURAS,1085
2022,9,SUCRE,CAPTURAS,188
2022,9,TOLIMA,CAPTURAS,370
2022,9,VALLE,CAPTURAS,1174
2022,9,VAUPÉS,CAPTURAS,19
2022,9,VICHADA,CAPTURAS,7
2022,10,AMAZONAS,CAPTURAS,27
2022,10,ANTIOQUIA,CAPTURAS,2455
2022,10,ARAUCA,CAPTURAS,41
2022,10,ATLÁNTICO,CAPTURAS,673
2022,10,BOLÍVAR,CAPTURAS,630
2022,10,BOYACÁ,CAPTURAS,267
2022,10,CALDAS,CAPTURAS,354
2022,10,CAQUETÁ,CAPTURAS,102
2022,10,CASANARE,CAPTURAS,131
2022,10,CAUCA,CAPTURAS,349
2022,10,CESAR,CAPTURAS,278
2022,10,CHOCÓ,CAPTURAS,85
2022,10,CUNDINAMARCA,CAPTURAS,2888
2022,10,CÓRDOBA,CAPTURAS,259
2022,10,GUAINÍA,CAPTURAS,17
2022,10,GUAJIRA,CAPTURAS,239
2022,10,GUAVIARE,CAPTURAS,39
2022,10,HUILA,CAPTURAS,344
2022,10,MAGDALENA,CAPTURAS,267
2022,10,META,CAPTURAS,466
2022,10,NARIÑO,CAPTURAS,404
2022,10,NORTE DE SANTANDER,CAPTURAS,567
2022,10,PUTUMAYO,CAPTURAS,65
2022,10,QUINDÍO,CAPTURAS,182
2022,10,RISARALDA,CAPTURAS,353
2022,10,SAN ANDRÉS,CAPTURAS,36
2022,10,SANTANDER,CAPTURAS,839
2022,10,SUCRE,CAPTURAS,244
2022,10,TOLIMA,CAPTURAS,318
2022,10,VALLE,CAPTURAS,1039
2022,10,VAUPÉS,CAPTURAS,16
2022,10,VICHADA,CAPTURAS,14
2022,11,AMAZONAS,CAPTURAS,30
2022,11,ANTIOQUIA,CAPTURAS,2236
2022,11,ARAUCA,CAPTURAS,57
2022,11,ATLÁNTICO,CAPTURAS,626
2022,11,BOLÍVAR,CAPTURAS,384
2022,11,BOYACÁ,CAPTURAS,213
2022,11,CALDAS,CAPTURAS,331
2022,11,CAQUETÁ,CAPTURAS,116
2022,11,CASANARE,CAPTURAS,109
2022,11,CAUCA,CAPTURAS,343
2022,11,CESAR,CAPTURAS,262
2022,11,CHOCÓ,CAPTURAS,84
2022,11,CUNDINAMARCA,CAPTURAS,2536
2022,11,CÓRDOBA,CAPTURAS,244
2022,11,GUAINÍA,CAPTURAS,10
2022,11,GUAJIRA,CAPTURAS,178
2022,11,GUAVIARE,CAPTURAS,33
2022,11,HUILA,CAPTURAS,301
2022,11,MAGDALENA,CAPTURAS,288
2022,11,META,CAPTURAS,444
2022,11,NARIÑO,CAPTURAS,386
2022,11,NORTE DE SANTANDER,CAPTURAS,389
2022,11,PUTUMAYO,CAPTURAS,90
2022,11,QUINDÍO,CAPTURAS,171
2022,11,RISARALDA,CAPTURAS,312
2022,11,SAN ANDRÉS,CAPTURAS,24
2022,11,SANTANDER,CAPTURAS,701
2022,11,SUCRE,CAPTURAS,177
2022,11,TOLIMA,CAPTURAS,327
2022,11,VALLE,CAPTURAS,1188
2022,11,VAUPÉS,CAPTURAS,7
2022,11,VICHADA,CAPTURAS,9
2022,12,AMAZONAS,CAPTURAS,23
2022,12,ANTIOQUIA,CAPTURAS,1392
2022,12,ARAUCA,CAPTURAS,52
2022,12,ATLÁNTICO,CAPTURAS,491
2022,12,BOLÍVAR,CAPTURAS,275
2022,12,BOYACÁ,CAPTURAS,160
2022,12,CALDAS,CAPTURAS,251
2022,12,CAQUETÁ,CAPTURAS,92
2022,12,CASANARE,CAPTURAS,126
2022,12,CAUCA,CAPTURAS,277
2022,12,CESAR,CAPTURAS,139
2022,12,CHOCÓ,CAPTURAS,56
2022,12,CUNDINAMARCA,CAPTURAS,1560
2022,12,CÓRDOBA,CAPTURAS,153
2022,12,GUAINÍA,CAPTURAS,4
2022,12,GUAJIRA,CAPTURAS,129
2022,12,GUAVIARE,CAPTURAS,25
2022,12,HUILA,CAPTURAS,216
2022,12,MAGDALENA,CAPTURAS,198
2022,12,META,CAPTURAS,296
2022,12,NARIÑO,CAPTURAS,226
2022,12,NORTE DE SANTANDER,CAPTURAS,265
2022,12,PUTUMAYO,CAPTURAS,65
2022,12,QUINDÍO,CAPTURAS,111
2022,12,RISARALDA,CAPTURAS,248
2022,12,SAN ANDRÉS,CAPTURAS,23
2022,12,SANTANDER,CAPTURAS,569
2022,12,SUCRE,CAPTURAS,85
2022,12,TOLIMA,CAPTURAS,261
2022,12,VALLE,CAPTURAS,717
2022,12,VAUPÉS,CAPTURAS,17
2022,12,VICHADA,CAPTURAS,9
2023,1,AMAZONAS,CAPTURAS,42
2023,1,ANTIOQUIA,CAPTURAS,2854
2023,1,ARAUCA,CAPTURAS,63
2023,1,ATLÁNTICO,CAPTURAS,778
2023,1,BOLÍVAR,CAPTURAS,819
2023,1,BOYACÁ,CAPTURAS,292
2023,1,CALDAS,CAPTURAS,804
2023,1,CAQUETÁ,CAPTURAS,118
2023,1,CASANARE,CAPTURAS,164
2023,1,CAUCA,CAPTURAS,287
2023,1,CESAR,CAPTURAS,304
2023,1,CHOCÓ,CAPTURAS,60
2023,1,CUNDINAMARCA,CAPTURAS,3261
2023,1,CÓRDOBA,CAPTURAS,333
2023,1,GUAINÍA,CAPTURAS,12
2023,1,GUAJIRA,CAPTURAS,255
2023,1,GUAVIARE,CAPTURAS,52
2023,1,HUILA,CAPTURAS,415
2023,1,MAGDALENA,CAPTURAS,330
2023,1,META,CAPTURAS,447
2023,1,NARIÑO,CAPTURAS,506
2023,1,NORTE DE SANTANDER,CAPTURAS,551
2023,1,PUTUMAYO,CAPTURAS,146
2023,1,QUINDÍO,CAPTURAS,188
2023,1,RISARALDA,CAPTURAS,376
2023,1,SAN ANDRÉS,CAPTURAS,34
2023,1,SANTANDER,CAPTURAS,1310
2023,1,SUCRE,CAPTURAS,296
2023,1,TOLIMA,CAPTURAS,337
2023,1,VALLE,CAPTURAS,1146
2023,1,VAUPÉS,CAPTURAS,9
2023,1,VICHADA,CAPTURAS,17
2023,2,AMAZONAS,CAPTURAS,54
2023,2,ANTIOQUIA,CAPTURAS,3226
2023,2,ARAUCA,CAPTURAS,85
2023,2,ATLÁNTICO,CAPTURAS,918
2023,2,BOLÍVAR,CAPTURAS,939
2023,2,BOYACÁ,CAPTURAS,351
2023,2,CALDAS,CAPTURAS,850
2023,2,CAQUETÁ,CAPTURAS,144
2023,2,CASANARE,CAPTURAS,230
2023,2,CAUCA,CAPTURAS,498
2023,2,CESAR,CAPTURAS,307
2023,2,CHOCÓ,CAPTURAS,86
2023,2,CUNDINAMARCA,CAPTURAS,4297
2023,2,CÓRDOBA,CAPTURAS,500
2023,2,GUAINÍA,CAPTURAS,18
2023,2,GUAJIRA,CAPTURAS,255
2023,2,GUAVIARE,CAPTURAS,53
2023,2,HUILA,CAPTURAS,439
2023,2,MAGDALENA,CAPTURAS,409
2023,2,META,CAPTURAS,560
2023,2,NARIÑO,CAPTURAS,783
2023,2,NORTE DE SANTANDER,CAPTURAS,673
2023,2,PUTUMAYO,CAPTURAS,183
2023,2,QUINDÍO,CAPTURAS,259
2023,2,RISARALDA,CAPTURAS,429
2023,2,SAN ANDRÉS,CAPTURAS,32
2023,2,SANTANDER,CAPTURAS,1804
2023,2,SUCRE,CAPTURAS,333
2023,2,TOLIMA,CAPTURAS,560
2023,2,VALLE,CAPTURAS,1235
2023,2,VAUPÉS,CAPTURAS,16
2023,2,VICHADA,CAPTURAS,27
2023,3,AMAZONAS,CAPTURAS,56
2023,3,ANTIOQUIA,CAPTURAS,3180
2023,3,ARAUCA,CAPTURAS,68
2023,3,ATLÁNTICO,CAPTURAS,1075
2023,3,BOLÍVAR,CAPTURAS,931
2023,3,BOYACÁ,CAPTURAS,417
2023,3,CALDAS,CAPTURAS,673
2023,3,CAQUETÁ,CAPTURAS,149
2023,3,CASANARE,CAPTURAS,195
2023,3,CAUCA,CAPTURAS,486
2023,3,CESAR,CAPTURAS,313
2023,3,CHOCÓ,CAPTURAS,70
2023,3,CUNDINAMARCA,CAPTURAS,4329
2023,3,CÓRDOBA,CAPTURAS,434
2023,3,GUAINÍA,CAPTURAS,16
2023,3,GUAJIRA,CAPTURAS,267
2023,3,GUAVIARE,CAPTURAS,51
2023,3,HUILA,CAPTURAS,470
2023,3,MAGDALENA,CAPTURAS,443
2023,3,META,CAPTURAS,625
2023,3,NARIÑO,CAPTURAS,760
2023,3,NORTE DE SANTANDER,CAPTURAS,721
2023,3,PUTUMAYO,CAPTURAS,164
2023,3,QUINDÍO,CAPTURAS,278
2023,3,RISARALDA,CAPTURAS,393
2023,3,SAN ANDRÉS,CAPTURAS,31
2023,3,SANTANDER,CAPTURAS,2079
2023,3,SUCRE,CAPTURAS,385
2023,3,TOLIMA,CAPTURAS,594
2023,3,VALLE,CAPTURAS,1396
2023,3,VAUPÉS,CAPTURAS,27
2023,3,VICHADA,CAPTURAS,18
2023,4,AMAZONAS,CAPTURAS,46
2023,4,ANTIOQUIA,CAPTURAS,2238
2023,4,ARAUCA,CAPTURAS,53
2023,4,ATLÁNTICO,CAPTURAS,781
2023,4,BOLÍVAR,CAPTURAS,617
2023,4,BOYACÁ,CAPTURAS,384
2023,4,CALDAS,CAPTURAS,554
2023,4,CAQUETÁ,CAPTURAS,125
2023,4,CASANARE,CAPTURAS,161
2023,4,CAUCA,CAPTURAS,367
2023,4,CESAR,CAPTURAS,318
2023,4,CHOCÓ,CAPTURAS,98
2023,4,CUNDINAMARCA,CAPTURAS,3479
2023,4,CÓRDOBA,CAPTURAS,323
2023,4,GUAINÍA,CAPTURAS,9
2023,4,GUAJIRA,CAPTURAS,218
2023,4,GUAVIARE,CAPTURAS,61
2023,4,HUILA,CAPTURAS,376
2023,4,MAGDALENA,CAPTURAS,275
2023,4,META,CAPTURAS,455
2023,4,NARIÑO,CAPTURAS,523
2023,4,NORTE DE SANTANDER,CAPTURAS,529
2023,4,PUTUMAYO,CAPTURAS,186
2023,4,QUINDÍO,CAPTURAS,189
2023,4,RISARALDA,CAPTURAS,354
2023,4,SAN ANDRÉS,CAPTURAS,38
2023,4,SANTANDER,CAPTURAS,1329
2023,4,SUCRE,CAPTURAS,253
2023,4,TOLIMA,CAPTURAS,440
2023,4,VALLE,CAPTURAS,937
2023,4,VAUPÉS,CAPTURAS,12
2023,4,VICHADA,CAPTURAS,16
2023,5,AMAZONAS,CAPTURAS,31
2023,5,ANTIOQUIA,CAPTURAS,2750
2023,5,ARAUCA,CAPTURAS,58
2023,5,ATLÁNTICO,CAPTURAS,1018
2023,5,BOLÍVAR,CAPTURAS,743
2023,5,BOYACÁ,CAPTURAS,440
2023,5,CALDAS,CAPTURAS,650
2023,5,CAQUETÁ,CAPTURAS,146
2023,5,CASANARE,CAPTURAS,181
2023,5,CAUCA,CAPTURAS,430
2023,5,CESAR,CAPTURAS,344
2023,5,CHOCÓ,CAPTURAS,96
2023,5,CUNDINAMARCA,CAPTURAS,4297
2023,5,CÓRDOBA,CAPTURAS,328
2023,5,GUAINÍA,CAPTURAS,15
2023,5,GUAJIRA,CAPTURAS,269
2023,5,GUAVIARE,CAPTURAS,45
2023,5,HUILA,CAPTURAS,429
2023,5,MAGDALENA,CAPTURAS,380
2023,5,META,CAPTURAS,536
2023,5,NARIÑO,CAPTURAS,647
2023,5,NORTE DE SANTANDER,CAPTURAS,527
2023,5,PUTUMAYO,CAPTURAS,171
2023,5,QUINDÍO,CAPTURAS,292
2023,5,RISARALDA,CAPTURAS,347
2023,5,SAN ANDRÉS,CAPTURAS,38
2023,5,SANTANDER,CAPTURAS,1505
2023,5,SUCRE,CAPTURAS,375
2023,5,TOLIMA,CAPTURAS,449
2023,5,VALLE,CAPTURAS,1277
2023,5,VAUPÉS,CAPTURAS,22
2023,5,VICHADA,CAPTURAS,16
2023,6,AMAZONAS,CAPTURAS,14
2023,6,ANTIOQUIA,CAPTURAS,2406
2023,6,ARAUCA,CAPTURAS,48
2023,6,ATLÁNTICO,CAPTURAS,804
2023,6,BOLÍVAR,CAPTURAS,633
2023,6,BOYACÁ,CAPTURAS,328
2023,6,CALDAS,CAPTURAS,543
2023,6,CAQUETÁ,CAPTURAS,117
2023,6,CASANARE,CAPTURAS,172
2023,6,CAUCA,CAPTURAS,383
2023,6,CESAR,CAPTURAS,336
2023,6,CHOCÓ,CAPTURAS,80
2023,6,CUNDINAMARCA,CAPTURAS,3704
2023,6,CÓRDOBA,CAPTURAS,347
2023,6,GUAINÍA,CAPTURAS,16
2023,6,GUAJIRA,CAPTURAS,289
2023,6,GUAVIARE,CAPTURAS,31
2023,6,HUILA,CAPTURAS,419
2023,6,MAGDALENA,CAPTURAS,315
2023,6,META,CAPTURAS,482
2023,6,NARIÑO,CAPTURAS,465
2023,6,NORTE DE SANTANDER,CAPTURAS,579
2023,6,PUTUMAYO,CAPTURAS,128
2023,6,QUINDÍO,CAPTURAS,242
2023,6,RISARALDA,CAPTURAS,335
2023,6,SAN ANDRÉS,CAPTURAS,29
2023,6,SANTANDER,CAPTURAS,1325
2023,6,SUCRE,CAPTURAS,251
2023,6,TOLIMA,CAPTURAS,392
2023,6,VALLE,CAPTURAS,1091
2023,6,VAUPÉS,CAPTURAS,13
2023,6,VICHADA,CAPTURAS,14
2023,7,AMAZONAS,CAPTURAS,16
2023,7,ANTIOQUIA,CAPTURAS,2843
2023,7,ARAUCA,CAPTURAS,41
2023,7,ATLÁNTICO,CAPTURAS,914
2023,7,BOLÍVAR,CAPTURAS,790
2023,7,BOYACÁ,CAPTURAS,288
2023,7,CALDAS,CAPTURAS,483
2023,7,CAQUETÁ,CAPTURAS,118
2023,7,CASANARE,CAPTURAS,159
2023,7,CAUCA,CAPTURAS,381
2023,7,CESAR,CAPTURAS,312
2023,7,CHOCÓ,CAPTURAS,102
2023,7,CUNDINAMARCA,CAPTURAS,3801
2023,7,CÓRDOBA,CAPTURAS,330
2023,7,GUAINÍA,CAPTURAS,17
2023,7,GUAJIRA,CAPTURAS,195
2023,7,GUAVIARE,CAPTURAS,46
2023,7,HUILA,CAPTURAS,427
2023,7,MAGDALENA,CAPTURAS,337
2023,7,META,CAPTURAS,498
2023,7,NARIÑO,CAPTURAS,496
2023,7,NORTE DE SANTANDER,CAPTURAS,473
2023,7,PUTUMAYO,CAPTURAS,124
2023,7,QUINDÍO,CAPTURAS,255
2023,7,RISARALDA,CAPTURAS,353
2023,7,SAN ANDRÉS,CAPTURAS,31
2023,7,SANTANDER,CAPTURAS,1291
2023,7,SUCRE,CAPTURAS,264
2023,7,TOLIMA,CAPTURAS,393
2023,7,VALLE,CAPTURAS,1087
2023,7,VAUPÉS,CAPTURAS,9
2023,7,VICHADA,CAPTURAS,21
2023,8,AMAZONAS,CAPTURAS,37
2023,8,ANTIOQUIA,CAPTURAS,2626
2023,8,ARAUCA,CAPTURAS,48
2023,8,ATLÁNTICO,CAPTURAS,909
2023,8,BOLÍVAR,CAPTURAS,767
2023,8,BOYACÁ,CAPTURAS,348
2023,8,CALDAS,CAPTURAS,517
2023,8,CAQUETÁ,CAPTURAS,99
2023,8,CASANARE,CAPTURAS,174
2023,8,CAUCA,CAPTURAS,292
2023,8,CESAR,CAPTURAS,289
2023,8,CHOCÓ,CAPTURAS,83
2023,8,CUNDINAMARCA,CAPTURAS,4077
2023,8,CÓRDOBA,CAPTURAS,376
2023,8,GUAINÍA,CAPTURAS,12
2023,8,GUAJIRA,CAPTURAS,217
2023,8,GUAVIARE,CAPTURAS,44
2023,8,HUILA,CAPTURAS,409
2023,8,MAGDALENA,CAPTURAS,287
2023,8,META,CAPTURAS,471
2023,8,NARIÑO,CAPTURAS,404
2023,8,NORTE DE SANTANDER,CAPTURAS,546
2023,8,PUTUMAYO,CAPTURAS,135
2023,8,QUINDÍO,CAPTURAS,239
2023,8,RISARALDA,CAPTURAS,367
2023,8,SAN ANDRÉS,CAPTURAS,43
2023,8,SANTANDER,CAPTURAS,1372
2023,8,SUCRE,CAPTURAS,261
2023,8,TOLIMA,CAPTURAS,407
2023,8,VALLE,CAPTURAS,1152
2023,8,VAUPÉS,CAPTURAS,6
2023,8,VICHADA,CAPTURAS,18
2023,9,AMAZONAS,CAPTURAS,42
2023,9,ANTIOQUIA,CAPTURAS,2208
2023,9,ARAUCA,CAPTURAS,49
2023,9,ATLÁNTICO,CAPTURAS,861
2023,9,BOLÍVAR,CAPTURAS,700
2023,9,BOYACÁ,CAPTURAS,393
2023,9,CALDAS,CAPTURAS,457
2023,9,CAQUETÁ,CAPTURAS,96
2023,9,CASANARE,CAPTURAS,165
2023,9,CAUCA,CAPTURAS,255
2023,9,CESAR,CAPTURAS,349
2023,9,CHOCÓ,CAPTURAS,75
2023,9,CUNDINAMARCA,CAPTURAS,3299
2023,9,CÓRDOBA,CAPTURAS,313
2023,9,GUAINÍA,CAPTURAS,20
2023,9,GUAJIRA,CAPTURAS,202
2023,9,GUAVIARE,CAPTURAS,33
2023,9,HUILA,CAPTURAS,372
2023,9,MAGDALENA,CAPTURAS,291
2023,9,META,CAPTURAS,494
2023,9,NARIÑO,CAPTURAS,393
2023,9,NORTE DE SANTANDER,CAPTURAS,578
2023,9,PUTUMAYO,CAPTURAS,113
2023,9,QUINDÍO,CAPTURAS,210
2023,9,RISARALDA,CAPTURAS,347
2023,9,SAN ANDRÉS,CAPTURAS,28
2023,9,SANTANDER,CAPTURAS,1378
2023,9,SUCRE,CAPTURAS,260
2023,9,TOLIMA,CAPTURAS,397
2023,9,VALLE,CAPTURAS,1029
2023,9,VAUPÉS,CAPTURAS,12
2023,9,VICHADA,CAPTURAS,6
2023,10,AMAZONAS,CAPTURAS,31
2023,10,ANTIOQUIA,CAPTURAS,2178
2023,10,ARAUCA,CAPTURAS,65
2023,10,ATLÁNTICO,CAPTURAS,697
2023,10,BOLÍVAR,CAPTURAS,632
2023,10,BOYACÁ,CAPTURAS,344
2023,10,CALDAS,CAPTURAS,406
2023,10,CAQUETÁ,CAPTURAS,82
2023,10,CASANARE,CAPTURAS,170
2023,10,CAUCA,CAPTURAS,323
2023,10,CESAR,CAPTURAS,343
2023,10,CHOCÓ,CAPTURAS,89
2023,10,CUNDINAMARCA,CAPTURAS,3375
2023,10,CÓRDOBA,CAPTURAS,283
2023,10,GUAINÍA,CAPTURAS,13
2023,10,GUAJIRA,CAPTURAS,166
2023,10,GUAVIARE,CAPTURAS,63
2023,10,HUILA,CAPTURAS,418
2023,10,MAGDALENA,CAPTURAS,282
2023,10,META,CAPTURAS,539
2023,10,NARIÑO,CAPTURAS,373
2023,10,NORTE DE SANTANDER,CAPTURAS,518
2023,10,PUTUMAYO,CAPTURAS,112
2023,10,QUINDÍO,CAPTURAS,235
2023,10,RISARALDA,CAPTURAS,375
2023,10,SAN ANDRÉS,CAPTURAS,46
2023,10,SANTANDER,CAPTURAS,1113
2023,10,SUCRE,CAPTURAS,245
2023,10,TOLIMA,CAPTURAS,386
2023,10,VALLE,CAPTURAS,1114
2023,10,VAUPÉS,CAPTURAS,10
2023,10,VICHADA,CAPTURAS,13
2023,11,AMAZONAS,CAPTURAS,24
2023,11,ANTIOQUIA,CAPTURAS,1830
2023,11,ARAUCA,CAPTURAS,47
2023,11,ATLÁNTICO,CAPTURAS,572
2023,11,BOLÍVAR,CAPTURAS,421
2023,11,BOYACÁ,CAPTURAS,255
2023,11,CALDAS,CAPTURAS,372
2023,11,CAQUETÁ,CAPTURAS,105
2023,11,CASANARE,CAPTURAS,121
2023,11,CAUCA,CAPTURAS,333
2023,11,CESAR,CAPTURAS,287
2023,11,CHOCÓ,CAPTURAS,61
2023,11,CUNDINAMARCA,CAPTURAS,2498
2023,11,CÓRDOBA,CAPTURAS,213
2023,11,GUAINÍA,CAPTURAS,19
2023,11,GUAJIRA,CAPTURAS,131
2023,11,GUAVIARE,CAPTURAS,47
2023,11,HUILA,CAPTURAS,319
2023,11,MAGDALENA,CAPTURAS,274
2023,11,META,CAPTURAS,503
2023,11,NARIÑO,CAPTURAS,317
2023,11,NORTE DE SANTANDER,CAPTURAS,383
2023,11,PUTUMAYO,CAPTURAS,104
2023,11,QUINDÍO,CAPTURAS,175
2023,11,RISARALDA,CAPTURAS,265
2023,11,SAN ANDRÉS,CAPTURAS,21
2023,11,SANTANDER,CAPTURAS,828
2023,11,SUCRE,CAPTURAS,193
2023,11,TOLIMA,CAPTURAS,292
2023,11,VALLE,CAPTURAS,998
2023,11,VAUPÉS,CAPTURAS,10
2023,11,VICHADA,CAPTURAS,8
2023,12,AMAZONAS,CAPTURAS,12
2023,12,ANTIOQUIA,CAPTURAS,1120
2023,12,ARAUCA,CAPTURAS,32
2023,12,ATLÁNTICO,CAPTURAS,419
2023,12,BOLÍVAR,CAPTURAS,282
2023,12,BOYACÁ,CAPTURAS,188
2023,12,CALDAS,CAPTURAS,174
2023,12,CAQUETÁ,CAPTURAS,68
2023,12,CASANARE,CAPTURAS,108
2023,12,CAUCA,CAPTURAS,248
2023,12,CESAR,CAPTURAS,132
2023,12,CHOCÓ,CAPTURAS,35
2023,12,CUNDINAMARCA,CAPTURAS,1387
2023,12,CÓRDOBA,CAPTURAS,138
2023,12,GUAINÍA,CAPTURAS,7
2023,12,GUAJIRA,CAPTURAS,74
2023,12,GUAVIARE,CAPTURAS,41
2023,12,HUILA,CAPTURAS,248
2023,12,MAGDALENA,CAPTURAS,182
2023,12,META,CAPTURAS,363
2023,12,NARIÑO,CAPTURAS,206
2023,12,NORTE DE SANTANDER,CAPTURAS,241
2023,12,PUTUMAYO,CAPTURAS,68
2023,12,QUINDÍO,CAPTURAS,131
2023,12,RISARALDA,CAPTURAS,181
2023,12,SAN ANDRÉS,CAPTURAS,17
2023,12,SANTANDER,CAPTURAS,613
2023,12,SUCRE,CAPTURAS,115
2023,12,TOLIMA,CAPTURAS,174
2023,12,VALLE,CAPTURAS,667
2023,12,VAUPÉS,CAPTURAS,8
2023,12,VICHADA,CAPTURAS,7
2024,1,AMAZONAS,CAPTURAS,35
2024,1,ANTIOQUIA,CAPTURAS,3048
2024,1,ARAUCA,CAPTURAS,73
2024,1,ATLÁNTICO,CAPTURAS,846
2024,1,BOLÍVAR,CAPTURAS,722
2024,1,BOYACÁ,CAPTURAS,348
2024,1,CALDAS,CAPTURAS,960
2024,1,CAQUETÁ,CAPTURAS,162
2024,1,CASANARE,CAPTURAS,182
2024,1,CAUCA,CAPTURAS,367
2024,1,CESAR,CAPTURAS,366
2024,1,CHOCÓ,CAPTURAS,89
2024,1,CUNDINAMARCA,CAPTURAS,3431
2024,1,CÓRDOBA,CAPTURAS,361
2024,1,GUAINÍA,CAPTURAS,9
2024,1,GUAJIRA,CAPTURAS,250
2024,1,GUAVIARE,CAPTURAS,36
2024,1,HUILA,CAPTURAS,458
2024,1,MAGDALENA,CAPTURAS,401
2024,1,META,CAPTURAS,563
2024,1,NARIÑO,CAPTURAS,494
2024,1,NORTE DE SANTANDER,CAPTURAS,594
2024,1,PUTUMAYO,CAPTURAS,152
2024,1,QUINDÍO,CAPTURAS,249
2024,1,RISARALDA,CAPTURAS,387
2024,1,SAN ANDRÉS,CAPTURAS,43
2024,1,SANTANDER,CAPTURAS,1723
2024,1,SUCRE,CAPTURAS,288
2024,1,TOLIMA,CAPTURAS,321
2024,1,VALLE,CAPTURAS,1138
2024,1,VAUPÉS,CAPTURAS,20
2024,1,VICHADA,CAPTURAS,16
2024,2,AMAZONAS,CAPTURAS,41
2024,2,ANTIOQUIA,CAPTURAS,3527
2024,2,ARAUCA,CAPTURAS,85
2024,2,ATLÁNTICO,CAPTURAS,981
2024,2,BOLÍVAR,CAPTURAS,952
2024,2,BOYACÁ,CAPTURAS,422
2024,2,CALDAS,CAPTURAS,920
2024,2,CAQUETÁ,CAPTURAS,139
2024,2,CASANARE,CAPTURAS,168
2024,2,CAUCA,CAPTURAS,457
2024,2,CESAR,CAPTURAS,419
2024,2,CHOCÓ,CAPTURAS,81
2024,2,CUNDINAMARCA,CAPTURAS,4171
2024,2,CÓRDOBA,CAPTURAS,423
2024,2,GUAINÍA,CAPTURAS,16
2024,2,GUAJIRA,CAPTURAS,294
2024,2,GUAVIARE,CAPTURAS,62
2024,2,HUILA,CAPTURAS,472
2024,2,MAGDALENA,CAPTURAS,427
2024,2,META,CAPTURAS,684
2024,2,NARIÑO,CAPTURAS,619
2024,2,NORTE DE SANTANDER,CAPTURAS,717
2024,2,PUTUMAYO,CAPTURAS,147
2024,2,QUINDÍO,CAPTURAS,290
2024,2,RISARALDA,CAPTURAS,503
2024,2,SAN ANDRÉS,CAPTURAS,39
2024,2,SANTANDER,CAPTURAS,1875
2024,2,SUCRE,CAPTURAS,329
2024,2,TOLIMA,CAPTURAS,455
2024,2,VALLE,CAPTURAS,1283
2024,2,VAUPÉS,CAPTURAS,11
2024,2,VICHADA,CAPTURAS,16
2024,3,AMAZONAS,CAPTURAS,51
2024,3,ANTIOQUIA,CAPTURAS,3004
2024,3,ARAUCA,CAPTURAS,62
2024,3,ATLÁNTICO,CAPTURAS,886
2024,3,BOLÍVAR,CAPTURAS,941
2024,3,BOYACÁ,CAPTURAS,399
2024,3,CALDAS,CAPTURAS,702
2024,3,CAQUETÁ,CAPTURAS,122
2024,3,CASANARE,CAPTURAS,247
2024,3,CAUCA,CAPTURAS,464
2024,3,CESAR,CAPTURAS,406
2024,3,CHOCÓ,CAPTURAS,93
2024,3,CUNDINAMARCA,CAPTURAS,3712
2024,3,CÓRDOBA,CAPTURAS,387
2024,3,GUAINÍA,CAPTURAS,31
2024,3,GUAJIRA,CAPTURAS,289
2024,3,GUAVIARE,CAPTURAS,67
2024,3,HUILA,CAPTURAS,422
2024,3,MAGDALENA,CAPTURAS,350
2024,3,META,CAPTURAS,598
2024,3,NARIÑO,CAPTURAS,729
2024,3,NORTE DE SANTANDER,CAPTURAS,666
2024,3,PUTUMAYO,CAPTURAS,146
2024,3,QUINDÍO,CAPTURAS,248
2024,3,RISARALDA,CAPTURAS,449
2024,3,SAN ANDRÉS,CAPTURAS,48
2024,3,SANTANDER,CAPTURAS,1773
2024,3,SUCRE,CAPTURAS,346
2024,3,TOLIMA,CAPTURAS,504
2024,3,VALLE,CAPTURAS,1304
2024,3,VAUPÉS,CAPTURAS,17
2024,3,VICHADA,CAPTURAS,13
2024,4,AMAZONAS,CAPTURAS,49
2024,4,ANTIOQUIA,CAPTURAS,3085
2024,4,ARAUCA,CAPTURAS,42
2024,4,ATLÁNTICO,CAPTURAS,898
2024,4,BOLÍVAR,CAPTURAS,941
2024,4,BOYACÁ,CAPTURAS,402
2024,4,CALDAS,CAPTURAS,672
2024,4,CAQUETÁ,CAPTURAS,119
2024,4,CASANARE,CAPTURAS,166
2024,4,CAUCA,CAPTURAS,376
2024,4,CESAR,CAPTURAS,400
2024,4,CHOCÓ,CAPTURAS,85
2024,4,CUNDINAMARCA,CAPTURAS,4135
2024,4,CÓRDOBA,CAPTURAS,278
2024,4,GUAINÍA,CAPTURAS,10
2024,4,GUAJIRA,CAPTURAS,267
2024,4,GUAVIARE,CAPTURAS,62
2024,4,HUILA,CAPTURAS,441
2024,4,MAGDALENA,CAPTURAS,396
2024,4,META,CAPTURAS,574
2024,4,NARIÑO,CAPTURAS,688
2024,4,NORTE DE SANTANDER,CAPTURAS,526
2024,4,PUTUMAYO,CAPTURAS,107
2024,4,QUINDÍO,CAPTURAS,310
2024,4,RISARALDA,CAPTURAS,472
2024,4,SAN ANDRÉS,CAPTURAS,18
2024,4,SANTANDER,CAPTURAS,1744
2024,4,SUCRE,CAPTURAS,285
2024,4,TOLIMA,CAPTURAS,546
2024,4,VALLE,CAPTURAS,1258
2024,4,VAUPÉS,CAPTURAS,13
2024,4,VICHADA,CAPTURAS,12
2024,5,AMAZONAS,CAPTURAS,27
2024,5,ANTIOQUIA,CAPTURAS,2970
2024,5,ARAUCA,CAPTURAS,85
2024,5,ATLÁNTICO,CAPTURAS,999
2024,5,BOLÍVAR,CAPTURAS,768
2024,5,BOYACÁ,CAPTURAS,430
2024,5,CALDAS,CAPTURAS,632
2024,5,CAQUETÁ,CAPTURAS,135
2024,5,CASANARE,CAPTURAS,176
2024,5,CAUCA,CAPTURAS,425
2024,5,CESAR,CAPTURAS,367
2024,5,CHOCÓ,CAPTURAS,84
2024,5,CUNDINAMARCA,CAPTURAS,4196
2024,5,CÓRDOBA,CAPTURAS,322
2024,5,GUAINÍA,CAPTURAS,16
2024,5,GUAJIRA,CAPTURAS,308
2024,5,GUAVIARE,CAPTURAS,38
2024,5,HUILA,CAPTURAS,458
2024,5,MAGDALENA,CAPTURAS,382
2024,5,META,CAPTURAS,634
2024,5,NARIÑO,CAPTURAS,644
2024,5,NORTE DE SANTANDER,CAPTURAS,620
2024,5,PUTUMAYO,CAPTURAS,97
2024,5,QUINDÍO,CAPTURAS,307
2024,5,RISARALDA,CAPTURAS,451
2024,5,SAN ANDRÉS,CAPTURAS,37
2024,5,SANTANDER,CAPTURAS,1656
2024,5,SUCRE,CAPTURAS,307
2024,5,TOLIMA,CAPTURAS,460
2024,5,VALLE,CAPTURAS,1350
2024,5,VAUPÉS,CAPTURAS,13
2024,5,VICHADA,CAPTURAS,21
2024,6,AMAZONAS,CAPTURAS,21
2024,6,ANTIOQUIA,CAPTURAS,2730
2024,6,ARAUCA,CAPTURAS,57
2024,6,ATLÁNTICO,CAPTURAS,833
2024,6,BOLÍVAR,CAPTURAS,845
2024,6,BOYACÁ,CAPTURAS,361
2024,6,CALDAS,CAPTURAS,604
2024,6,CAQUETÁ,CAPTURAS,88
2024,6,CASANARE,CAPTURAS,211
2024,6,CAUCA,CAPTURAS,337
2024,6,CESAR,CAPTURAS,371
2024,6,CHOCÓ,CAPTURAS,70
2024,6,CUNDINAMARCA,CAPTURAS,3767
2024,6,CÓRDOBA,CAPTURAS,263
2024,6,GUAINÍA,CAPTURAS,16
2024,6,GUAJIRA,CAPTURAS,270
2024,6,GUAVIARE,CAPTURAS,55
2024,6,HUILA,CAPTURAS,446
2024,6,MAGDALENA,CAPTURAS,308
2024,6,META,CAPTURAS,622
2024,6,NARIÑO,CAPTURAS,466
2024,6,NORTE DE SANTANDER,CAPTURAS,513
2024,6,PUTUMAYO,CAPTURAS,107
2024,6,QUINDÍO,CAPTURAS,281
2024,6,RISARALDA,CAPTURAS,424
2024,6,SAN ANDRÉS,CAPTURAS,48
2024,6,SANTANDER,CAPTURAS,1366
2024,6,SUCRE,CAPTURAS,292
2024,6,TOLIMA,CAPTURAS,466
2024,6,VALLE,CAPTURAS,1352
2024,6,VAUPÉS,CAPTURAS,15
2024,6,VICHADA,CAPTURAS,4
2024,7,AMAZONAS,CAPTURAS,27
2024,7,ANTIOQUIA,CAPTURAS,2608
2024,7,ARAUCA,CAPTURAS,48
2024,7,ATLÁNTICO,CAPTURAS,914
2024,7,BOLÍVAR,CAPTURAS,709
2024,7,BOYACÁ,CAPTURAS,296
2024,7,CALDAS,CAPTURAS,528
2024,7,CAQUETÁ,CAPTURAS,115
2024,7,CASANARE,CAPTURAS,184
2024,7,CAUCA,CAPTURAS,276
2024,7,CESAR,CAPTURAS,360
2024,7,CHOCÓ,CAPTURAS,62
2024,7,CUNDINAMARCA,CAPTURAS,3415
2024,7,CÓRDOBA,CAPTURAS,280
2024,7,GUAINÍA,CAPTURAS,16
2024,7,GUAJIRA,CAPTURAS,253
2024,7,GUAVIARE,CAPTURAS,24
2024,7,HUILA,CAPTURAS,403
2024,7,MAGDALENA,CAPTURAS,265
2024,7,META,CAPTURAS,471
2024,7,NARIÑO,CAPTURAS,460
2024,7,NORTE DE SANTANDER,CAPTURAS,522
2024,7,PUTUMAYO,CAPTURAS,88
2024,7,QUINDÍO,CAPTURAS,296
2024,7,RISARALDA,CAPTURAS,381
2024,7,SAN ANDRÉS,CAPTURAS,50
2024,7,SANTANDER,CAPTURAS,1302
2024,7,SUCRE,CAPTURAS,256
2024,7,TOLIMA,CAPTURAS,409
2024,7,VALLE,CAPTURAS,1227
2024,7,VAUPÉS,CAPTURAS,16
2024,7,VICHADA,CAPTURAS,10
2024,8,AMAZONAS,CAPTURAS,20
2024,8,ANTIOQUIA,CAPTURAS,1798
2024,8,ARAUCA,CAPTURAS,45
2024,8,ATLÁNTICO,CAPTURAS,649
2024,8,BOLÍVAR,CAPTURAS,455
2024,8,BOYACÁ,CAPTURAS,288
2024,8,CALDAS,CAPTURAS,426
2024,8,CAQUETÁ,CAPTURAS,123
2024,8,CASANARE,CAPTURAS,169
2024,8,CAUCA,CAPTURAS,252
2024,8,CESAR,CAPTURAS,261
2024,8,CHOCÓ,CAPTURAS,62
2024,8,CUNDINAMARCA,CAPTURAS,2918
2024,8,CÓRDOBA,CAPTURAS,254
2024,8,GUAINÍA,CAPTURAS,10
2024,8,GUAJIRA,CAPTURAS,201
2024,8,GUAVIARE,CAPTURAS,51
2024,8,HUILA,CAPTURAS,336
2024,8,MAGDALENA,CAPTURAS,281
2024,8,META,CAPTURAS,426
2024,8,NARIÑO,CAPTURAS,431
2024,8,NORTE DE SANTANDER,CAPTURAS,419
2024,8,PUTUMAYO,CAPTURAS,100
2024,8,QUINDÍO,CAPTURAS,163
2024,8,RISARALDA,CAPTURAS,282
2024,8,SAN ANDRÉS,CAPTURAS,38
2024,8,SANTANDER,CAPTURAS,1059
2024,8,SUCRE,CAPTURAS,192
2024,8,TOLIMA,CAPTURAS,372
2024,8,VALLE,CAPTURAS,1032
2024,8,VAUPÉS,CAPTURAS,6
2024,8,VICHADA,CAPTURAS,14
2024,9,AMAZONAS,CAPTURAS,47
2024,9,ANTIOQUIA,CAPTURAS,2194
2024,9,ARAUCA,CAPTURAS,32
2024,9,ATLÁNTICO,CAPTURAS,883
2024,9,BOLÍVAR,CAPTURAS,688
2024,9,BOYACÁ,CAPTURAS,363
2024,9,CALDAS,CAPTURAS,458
2024,9,CAQUETÁ,CAPTURAS,132
2024,9,CASANARE,CAPTURAS,165
2024,9,CAUCA,CAPTURAS,330
2024,9,CESAR,CAPTURAS,317
2024,9,CHOCÓ,CAPTURAS,99
2024,9,CUNDINAMARCA,CAPTURAS,3894
2024,9,CÓRDOBA,CAPTURAS,289
2024,9,GUAINÍA,CAPTURAS,7
2024,9,GUAJIRA,CAPTURAS,189
2024,9,GUAVIARE,CAPTURAS,49
2024,9,HUILA,CAPTURAS,388
2024,9,MAGDALENA,CAPTURAS,308
2024,9,META,CAPTURAS,482
2024,9,NARIÑO,CAPTURAS,500
2024,9,NORTE DE SANTANDER,CAPTURAS,480
2024,9,PUTUMAYO,CAPTURAS,87
2024,9,QUINDÍO,CAPTURAS,221
2024,9,RISARALDA,CAPTURAS,378
2024,9,SAN ANDRÉS,CAPTURAS,31
2024,9,SANTANDER,CAPTURAS,1270
2024,9,SUCRE,CAPTURAS,205
2024,9,TOLIMA,CAPTURAS,380
2024,9,VALLE,CAPTURAS,1235
2024,9,VAUPÉS,CAPTURAS,6
2024,9,VICHADA,CAPTURAS,25
2024,10,AMAZONAS,CAPTURAS,24
2024,10,ANTIOQUIA,CAPTURAS,2096
2024,10,ARAUCA,CAPTURAS,50
2024,10,ATLÁNTICO,CAPTURAS,894
2024,10,BOLÍVAR,CAPTURAS,739
2024,10,BOYACÁ,CAPTURAS,312
2024,10,CALDAS,CAPTURAS,350
2024,10,CAQUETÁ,CAPTURAS,120
2024,10,CASANARE,CAPTURAS,154
2024,10,CAUCA,CAPTURAS,281
2024,10,CESAR,CAPTURAS,340
2024,10,CHOCÓ,CAPTURAS,74
2024,10,CUNDINAMARCA,CAPTURAS,3968
2024,10,CÓRDOBA,CAPTURAS,285
2024,10,GUAINÍA,CAPTURAS,20
2024,10,GUAJIRA,CAPTURAS,171
2024,10,GUAVIARE,CAPTURAS,51
2024,10,HUILA,CAPTURAS,440
2024,10,MAGDALENA,CAPTURAS,290
2024,10,META,CAPTURAS,555
2024,10,NARIÑO,CAPTURAS,457
2024,10,NORTE DE SANTANDER,CAPTURAS,411
2024,10,PUTUMAYO,CAPTURAS,108
2024,10,QUINDÍO,CAPTURAS,209
2024,10,RISARALDA,CAPTURAS,351
2024,10,SAN ANDRÉS,CAPTURAS,28
2024,10,SANTANDER,CAPTURAS,1280
2024,10,SUCRE,CAPTURAS,191
2024,10,TOLIMA,CAPTURAS,365
2024,10,VALLE,CAPTURAS,1288
2024,10,VAUPÉS,CAPTURAS,9
2024,10,VICHADA,CAPTURAS,13
2024,11,AMAZONAS,CAPTURAS,14
2024,11,ANTIOQUIA,CAPTURAS,1807
2024,11,ARAUCA,CAPTURAS,49
2024,11,ATLÁNTICO,CAPTURAS,659
2024,11,BOLÍVAR,CAPTURAS,445
2024,11,BOYACÁ,CAPTURAS,289
2024,11,CALDAS,CAPTURAS,328
2024,11,CAQUETÁ,CAPTURAS,67
2024,11,CASANARE,CAPTURAS,125
2024,11,CAUCA,CAPTURAS,281
2024,11,CESAR,CAPTURAS,293
2024,11,CHOCÓ,CAPTURAS,67
2024,11,CUNDINAMARCA,CAPTURAS,2899
2024,11,CÓRDOBA,CAPTURAS,223
2024,11,GUAINÍA,CAPTURAS,17
2024,11,GUAJIRA,CAPTURAS,154
2024,11,GUAVIARE,CAPTURAS,55
2024,11,HUILA,CAPTURAS,362
2024,11,MAGDALENA,CAPTURAS,238
2024,11,META,CAPTURAS,436
2024,11,NARIÑO,CAPTURAS,379
2024,11,NORTE DE SANTANDER,CAPTURAS,391
2024,11,PUTUMAYO,CAPTURAS,99
2024,11,QUINDÍO,CAPTURAS,172
2024,11,RISARALDA,CAPTURAS,284
2024,11,SAN ANDRÉS,CAPTURAS,25
2024,11,SANTANDER,CAPTURAS,978
2024,11,SUCRE,CAPTURAS,130
2024,11,TOLIMA,CAPTURAS,342
2024,11,VALLE,CAPTURAS,1012
2024,11,VAUPÉS,CAPTURAS,5
2024,11,VICHADA,CAPTURAS,24
2024,12,AMAZONAS,CAPTURAS,28
2024,12,ANTIOQUIA,CAPTURAS,1044
2024,12,ARAUCA,CAPTURAS,10
2024,12,ATLÁNTICO,CAPTURAS,510
2024,12,BOLÍVAR,CAPTURAS,350
2024,12,BOYACÁ,CAPTURAS,166
2024,12,CALDAS,CAPTURAS,174
2024,12,CAQUETÁ,CAPTURAS,54
2024,12,CASANARE,CAPTURAS,94
2024,12,CAUCA,CAPTURAS,238
2024,12,CESAR,CAPTURAS,196
2024,12,CHOCÓ,CAPTURAS,58
2024,12,CUNDINAMARCA,CAPTURAS,1668
2024,12,CÓRDOBA,CAPTURAS,133
2024,12,GUAINÍA,CAPTURAS,16
2024,12,GUAJIRA,CAPTURAS,97
2024,12,GUAVIARE,CAPTURAS,25
2024,12,HUILA,CAPTURAS,258
2024,12,MAGDALENA,CAPTURAS,164
2024,12,META,CAPTURAS,339
2024,12,NARIÑO,CAPTURAS,230
2024,12,NORTE DE SANTANDER,CAPTURAS,230
2024,12,PUTUMAYO,CAPTURAS,57
2024,12,QUINDÍO,CAPTURAS,121
2024,12,RISARALDA,CAPTURAS,193
2024,12,SAN ANDRÉS,CAPTURAS,27
2024,12,SANTANDER,CAPTURAS,640
2024,12,SUCRE,CAPTURAS,126
2024,12,TOLIMA,CAPTURAS,271
2024,12,VALLE,CAPTURAS,724
2024,12,VAUPÉS,CAPTURAS,5
2024,12,VICHADA,CAPTURAS,7
2025,1,AMAZONAS,CAPTURAS,44
2025,1,ANTIOQUIA,CAPTURAS,2363
2025,1,ARAUCA,CAPTURAS,43
2025,1,ATLÁNTICO,CAPTURAS,968
2025,1,BOGOTA,CAPTURAS,2422
2025,1,BOLÍVAR,CAPTURAS,970
2025,1,BOYACÁ,CAPTURAS,441
2025,1,CALDAS,CAPTURAS,921
2025,1,CAQUETÁ,CAPTURAS,123
2025,1,CASANARE,CAPTURAS,184
2025,1,CAUCA,CAPTURAS,292
2025,1,CESAR,CAPTURAS,385
2025,1,CHOCÓ,CAPTURAS,81
2025,1,CUNDINAMARCA,CAPTURAS,1037
2025,1,CÓRDOBA,CAPTURAS,409
2025,1,GUAINÍA,CAPTURAS,17
2025,1,GUAJIRA,CAPTURAS,259
2025,1,GUAVIARE,CAPTURAS,44
2025,1,HUILA,CAPTURAS,516
2025,1,MAGDALENA,CAPTURAS,348
2025,1,META,CAPTURAS,554
2025,1,NARIÑO,CAPTURAS,684
2025,1,NORTE DE SANTANDER,CAPTURAS,492
2025,1,PUTUMAYO,CAPTURAS,113
2025,1,QUINDÍO,CAPTURAS,297
2025,1,RISARALDA,CAPTURAS,464
2025,1,SAN ANDRÉS,CAPTURAS,23
2025,1,SANTANDER,CAPTURAS,1659
2025,1,SUCRE,CAPTURAS,268
2025,1,TOLIMA,CAPTURAS,434
2025,1,VALLE,CAPTURAS,1266
2025,1,VAUPÉS,CAPTURAS,3
2025,1,VICHADA,CAPTURAS,15
2025,2,AMAZONAS,CAPTURAS,30
2025,2,ANTIOQUIA,CAPTURAS,2784
2025,2,ARAUCA,CAPTURAS,50
2025,2,ATLÁNTICO,CAPTURAS,1049
2025,2,BOGOTA,CAPTURAS,3052
2025,2,BOLÍVAR,CAPTURAS,970
2025,2,BOYACÁ,CAPTURAS,474
2025,2,CALDAS,CAPTURAS,912
2025,2,CAQUETÁ,CAPTURAS,141
2025,2,CASANARE,CAPTURAS,183
2025,2,CAUCA,CAPTURAS,386
2025,2,CESAR,CAPTURAS,405
2025,2,CHOCÓ,CAPTURAS,99
2025,2,CUNDINAMARCA,CAPTURAS,1145
2025,2,CÓRDOBA,CAPTURAS,460
2025,2,GUAINÍA,CAPTURAS,18
2025,2,GUAJIRA,CAPTURAS,243
2025,2,GUAVIARE,CAPTURAS,31
2025,2,HUILA,CAPTURAS,495
2025,2,MAGDALENA,CAPTURAS,358
2025,2,META,CAPTURAS,677
2025,2,NARIÑO,CAPTURAS,629
2025,2,NORTE DE SANTANDER,CAPTURAS,587
2025,2,PUTUMAYO,CAPTURAS,136
2025,2,QUINDÍO,CAPTURAS,392
2025,2,RISARALDA,CAPTURAS,523
2025,2,SAN ANDRÉS,CAPTURAS,66
2025,2,SANTANDER,CAPTURAS,1947
2025,2,SUCRE,CAPTURAS,328
2025,2,TOLIMA,CAPTURAS,438
2025,2,VALLE,CAPTURAS,1472
2025,2,VAUPÉS,CAPTURAS,6
2025,2,VICHADA,CAPTURAS,19
2025,3,AMAZONAS,CAPTURAS,38
2025,3,ANTIOQUIA,CAPTURAS,2754
2025,3,ARAUCA,CAPTURAS,67
2025,3,ATLÁNTICO,CAPTURAS,817
2025,3,BOGOTA,CAPTURAS,3288
2025,3,BOLÍVAR,CAPTURAS,1083
2025,3,BOYACÁ,CAPTURAS,512
2025,3,CALDAS,CAPTURAS,884
2025,3,CAQUETÁ,CAPTURAS,169
2025,3,CASANARE,CAPTURAS,203
2025,3,CAUCA,CAPTURAS,379
2025,3,CESAR,CAPTURAS,403
2025,3,CHOCÓ,CAPTURAS,80
2025,3,CUNDINAMARCA,CAPTURAS,1227
2025,3,CÓRDOBA,CAPTURAS,428
2025,3,GUAINÍA,CAPTURAS,22
2025,3,GUAJIRA,CAPTURAS,341
2025,3,GUAVIARE,CAPTURAS,51
2025,3,HUILA,CAPTURAS,577
2025,3,MAGDALENA,CAPTURAS,388
2025,3,META,CAPTURAS,725
2025,3,NARIÑO,CAPTURAS,648
2025,3,NORTE DE SANTANDER,CAPTURAS,595
2025,3,PUTUMAYO,CAPTURAS,148
2025,3,QUINDÍO,CAPTURAS,375
2025,3,RISARALDA,CAPTURAS,561
2025,3,SAN ANDRÉS,CAPTURAS,57
2025,3,SANTANDER,CAPTURAS,1871
2025,3,SUCRE,CAPTURAS,345
2025,3,TOLIMA,CAPTURAS,481
2025,3,VALLE,CAPTURAS,1483
2025,3,VAUPÉS,CAPTURAS,6
2025,3,VICHADA,CAPTURAS,24
2025,4,AMAZONAS,CAPTURAS,33
2025,4,ANTIOQUIA,CAPTURAS,2122
2025,4,ARAUCA,CAPTURAS,27
2025,4,ATLÁNTICO,CAPTURAS,761
2025,4,BOGOTA,CAPTURAS,2927
2025,4,BOLÍVAR,CAPTURAS,643
2025,4,BOYACÁ,CAPTURAS,382
2025,4,CALDAS,CAPTURAS,523
2025,4,CAQUETÁ,CAPTURAS,120
2025,4,CASANARE,CAPTURAS,176
2025,4,CAUCA,CAPTURAS,322
2025,4,CESAR,CAPTURAS,361
2025,4,CHOCÓ,CAPTURAS,67
2025,4,CUNDINAMARCA,CAPTURAS,926
2025,4,CÓRDOBA,CAPTURAS,287
2025,4,GUAINÍA,CAPTURAS,20
2025,4,GUAJIRA,CAPTURAS,246
2025,4,GUAVIARE,CAPTURAS,29
2025,4,HUILA,CAPTURAS,488
2025,4,MAGDALENA,CAPTURAS,329
2025,4,META,CAPTURAS,640
2025,4,NARIÑO,CAPTURAS,538
2025,4,NORTE DE SANTANDER,CAPTURAS,453
2025,4,PUTUMAYO,CAPTURAS,166
2025,4,QUINDÍO,CAPTURAS,287
2025,4,RISARALDA,CAPTURAS,438
2025,4,SAN ANDRÉS,CAPTURAS,47
2025,4,SANTANDER,CAPTURAS,1059
2025,4,SUCRE,CAPTURAS,160
2025,4,TOLIMA,CAPTURAS,365
2025,4,VALLE,CAPTURAS,1107
2025,4,VAUPÉS,CAPTURAS,18
2025,4,VICHADA,CAPTURAS,10
2025,5,AMAZONAS,CAPTURAS,43
2025,5,ANTIOQUIA,CAPTURAS,2464
2025,5,ARAUCA,CAPTURAS,61
2025,5,ATLÁNTICO,CAPTURAS,869
2025,5,BOGOTA,CAPTURAS,3851
2025,5,BOLÍVAR,CAPTURAS,763
2025,5,BOYACÁ,CAPTURAS,411
2025,5,CALDAS,CAPTURAS,653
2025,5,CAQUETÁ,CAPTURAS,139
2025,5,CASANARE,CAPTURAS,215
2025,5,CAUCA,CAPTURAS,362
2025,5,CESAR,CAPTURAS,376
2025,5,CHOCÓ,CAPTURAS,91
2025,5,CUNDINAMARCA,CAPTURAS,1031
2025,5,CÓRDOBA,CAPTURAS,377
2025,5,GUAINÍA,CAPTURAS,23
2025,5,GUAJIRA,CAPTURAS,249
2025,5,GUAVIARE,CAPTURAS,44
2025,5,HUILA,CAPTURAS,464
2025,5,MAGDALENA,CAPTURAS,314
2025,5,META,CAPTURAS,693
2025,5,NARIÑO,CAPTURAS,690
2025,5,NORTE DE SANTANDER,CAPTURAS,458
2025,5,PUTUMAYO,CAPTURAS,146
2025,5,QUINDÍO,CAPTURAS,316
2025,5,RISARALDA,CAPTURAS,495
2025,5,SAN ANDRÉS,CAPTURAS,41
2025,5,SANTANDER,CAPTURAS,1232
2025,5,SUCRE,CAPTURAS,210
2025,5,TOLIMA,CAPTURAS,477
2025,5,VALLE,CAPTURAS,1394
2025,5,VAUPÉS,CAPTURAS,16
2025,5,VICHADA,CAPTURAS,19
2025,6,AMAZONAS,CAPTURAS,31
2025,6,ANTIOQUIA,CAPTURAS,2120
2025,6,ARAUCA,CAPTURAS,65
2025,6,ATLÁNTICO,CAPTURAS,841
2025,6,BOGOTA,CAPTURAS,3503
2025,6,BOLÍVAR,CAPTURAS,969
2025,6,BOYACÁ,CAPTURAS,421
2025,6,CALDAS,CAPTURAS,585
2025,6,CAQUETÁ,CAPTURAS,111
2025,6,CASANARE,CAPTURAS,206
2025,6,CAUCA,CAPTURAS,338
2025,6,CESAR,CAPTURAS,363
2025,6,CHOCÓ,CAPTURAS,107
2025,6,CUNDINAMARCA,CAPTURAS,904
2025,6,CÓRDOBA,CAPTURAS,307
2025,6,GUAINÍA,CAPTURAS,21
2025,6,GUAJIRA,CAPTURAS,251
2025,6,GUAVIARE,CAPTURAS,61
2025,6,HUILA,CAPTURAS,442
2025,6,MAGDALENA,CAPTURAS,330
2025,6,META,CAPTURAS,630
2025,6,NARIÑO,CAPTURAS,585
2025,6,NORTE DE SANTANDER,CAPTURAS,472
2025,6,PUTUMAYO,CAPTURAS,136
2025,6,QUINDÍO,CAPTURAS,256
2025,6,RISARALDA,CAPTURAS,490
2025,6,SAN ANDRÉS,CAPTURAS,55
2025,6,SANTANDER,CAPTURAS,1150
2025,6,SUCRE,CAPTURAS,244
2025,6,TOLIMA,CAPTURAS,490
2025,6,VALLE,CAPTURAS,1294
2025,6,VAUPÉS,CAPTURAS,10
2025,6,VICHADA,CAPTURAS,16
2025,7,AMAZONAS,CAPTURAS,52
2025,7,ANTIOQUIA,CAPTURAS,2376
2025,7,ARAUCA,CAPTURAS,48
2025,7,ATLÁNTICO,CAPTURAS,896
2025,7,BOGOTA,CAPTURAS,3873
2025,7,BOLÍVAR,CAPTURAS,854
2025,7,BOYACÁ,CAPTURAS,343
2025,7,CALDAS,CAPTURAS,549
2025,7,CAQUETÁ,CAPTURAS,106
2025,7,CASANARE,CAPTURAS,196
2025,7,CAUCA,CAPTURAS,343
2025,7,CESAR,CAPTURAS,391
2025,7,CHOCÓ,CAPTURAS,100
2025,7,CUNDINAMARCA,CAPTURAS,950
2025,7,CÓRDOBA,CAPTURAS,354
2025,7,GUAINÍA,CAPTURAS,10
2025,7,GUAJIRA,CAPTURAS,191
2025,7,GUAVIARE,CAPTURAS,56
2025,7,HUILA,CAPTURAS,366
2025,7,MAGDALENA,CAPTURAS,376
2025,7,META,CAPTURAS,628
2025,7,NARIÑO,CAPTURAS,633
2025,7,NORTE DE SANTANDER,CAPTURAS,434
2025,7,PUTUMAYO,CAPTURAS,146
2025,7,QUINDÍO,CAPTURAS,282
2025,7,RISARALDA,CAPTURAS,483
2025,7,SAN ANDRÉS,CAPTURAS,53
2025,7,SANTANDER,CAPTURAS,1124
2025,7,SUCRE,CAPTURAS,236
2025,7,TOLIMA,CAPTURAS,424
2025,7,VALLE,CAPTURAS,1428
2025,7,VAUPÉS,CAPTURAS,14
2025,7,VICHADA,CAPTURAS,19
2025,8,AMAZONAS,CAPTURAS,39
2025,8,ANTIOQUIA,CAPTURAS,2097
2025,8,ARAUCA,CAPTURAS,50
2025,8,ATLÁNTICO,CAPTURAS,867
2025,8,BOGOTA,CAPTURAS,3078
2025,8,BOLÍVAR,CAPTURAS,788
2025,8,BOYACÁ,CAPTURAS,372
2025,8,CALDAS,CAPTURAS,572
2025,8,CAQUETÁ,CAPTURAS,120
2025,8,CASANARE,CAPTURAS,193
2025,8,CAUCA,CAPTURAS,332
2025,8,CESAR,CAPTURAS,338
2025,8,CHOCÓ,CAPTURAS,102
2025,8,CUNDINAMARCA,CAPTURAS,846
2025,8,CÓRDOBA,CAPTURAS,318
2025,8,GUAINÍA,CAPTURAS,12
2025,8,GUAJIRA,CAPTURAS,236
2025,8,GUAVIARE,CAPTURAS,54
2025,8,HUILA,CAPTURAS,387
2025,8,MAGDALENA,CAPTURAS,343
2025,8,META,CAPTURAS,585
2025,8,NARIÑO,CAPTURAS,535
2025,8,NORTE DE SANTANDER,CAPTURAS,548
2025,8,PUTUMAYO,CAPTURAS,152
2025,8,QUINDÍO,CAPTURAS,220
2025,8,RISARALDA,CAPTURAS,550
2025,8,SAN ANDRÉS,CAPTURAS,36
2025,8,SANTANDER,CAPTURAS,1185
2025,8,SUCRE,CAPTURAS,206
2025,8,TOLIMA,CAPTURAS,422
2025,8,VALLE,CAPTURAS,1339
2025,8,VAUPÉS,CAPTURAS,15
2025,8,VICHADA,CAPTURAS,10
2025,9,AMAZONAS,CAPTURAS,53
2025,9,ANTIOQUIA,CAPTURAS,1829
2025,9,ARAUCA,CAPTURAS,42
2025,9,ATLÁNTICO,CAPTURAS,850
2025,9,BOGOTA,CAPTURAS,2773
2025,9,BOLÍVAR,CAPTURAS,633
2025,9,BOYACÁ,CAPTURAS,372
2025,9,CALDAS,CAPTURAS,499
2025,9,CAQUETÁ,CAPTURAS,112
2025,9,CASANARE,CAPTURAS,161
2025,9,CAUCA,CAPTURAS,308
2025,9,CESAR,CAPTURAS,371
2025,9,CHOCÓ,CAPTURAS,75
2025,9,CUNDINAMARCA,CAPTURAS,729
2025,9,CÓRDOBA,CAPTURAS,285
2025,9,GUAINÍA,CAPTURAS,24
2025,9,GUAJIRA,CAPTURAS,238
2025,9,GUAVIARE,CAPTURAS,55
2025,9,HUILA,CAPTURAS,384
2025,9,MAGDALENA,CAPTURAS,300
2025,9,META,CAPTURAS,586
2025,9,NARIÑO,CAPTURAS,450
2025,9,NORTE DE SANTANDER,CAPTURAS,457
2025,9,PUTUMAYO,CAPTURAS,143
2025,9,QUINDÍO,CAPTURAS,289
2025,9,RISARALDA,CAPTURAS,435
2025,9,SAN ANDRÉS,CAPTURAS,19
2025,9,SANTANDER,CAPTURAS,972
2025,9,SUCRE,CAPTURAS,178
2025,9,TOLIMA,CAPTURAS,472
2025,9,VALLE,CAPTURAS,1312
2025,9,VAUPÉS,CAPTURAS,17
2025,9,VICHADA,CAPTURAS,11
2025,10,AMAZONAS,CAPTURAS,37
2025,10,ANTIOQUIA,CAPTURAS,1962
2025,10,ARAUCA,CAPTURAS,47
2025,10,ATLÁNTICO,CAPTURAS,728
2025,10,BOGOTA,CAPTURAS,2720
2025,10,BOLÍVAR,CAPTURAS,622
2025,10,BOYACÁ,CAPTURAS,312
2025,10,CALDAS,CAPTURAS,380
2025,10,CAQUETÁ,CAPTURAS,122
2025,10,CASANARE,CAPTURAS,113
2025,10,CAUCA,CAPTURAS,370
2025,10,CESAR,CAPTURAS,343
2025,10,CHOCÓ,CAPTURAS,72
2025,10,CUNDINAMARCA,CAPTURAS,736
2025,10,CÓRDOBA,CAPTURAS,225
2025,10,GUAINÍA,CAPTURAS,6
2025,10,GUAJIRA,CAPTURAS,156
2025,10,GUAVIARE,CAPTURAS,60
2025,10,HUILA,CAPTURAS,383
2025,10,MAGDALENA,CAPTURAS,296
2025,10,META,CAPTURAS,600
2025,10,NARIÑO,CAPTURAS,444
2025,10,NORTE DE SANTANDER,CAPTURAS,429
2025,10,PUTUMAYO,CAPTURAS,121
2025,10,QUINDÍO,CAPTURAS,249
2025,10,RISARALDA,CAPTURAS,429
2025,10,SAN ANDRÉS,CAPTURAS,54
2025,10,SANTANDER,CAPTURAS,835
2025,10,SUCRE,CAPTURAS,182
2025,10,TOLIMA,CAPTURAS,451
2025,10,VALLE,CAPTURAS,1269
2025,10,VAUPÉS,CAPTURAS,11
2025,10,VICHADA,CAPTURAS,25
2025,11,AMAZONAS,CAPTURAS,23
2025,11,ANTIOQUIA,CAPTURAS,1623
2025,11,ARAUCA,CAPTURAS,33
2025,11,ATLÁNTICO,CAPTURAS,620
2025,11,BOGOTA,CAPTURAS,1944
2025,11,BOLÍVAR,CAPTURAS,440
2025,11,BOYACÁ,CAPTURAS,280
2025,11,CALDAS,CAPTURAS,267
2025,11,CAQUETÁ,CAPTURAS,69
2025,11,CASANARE,CAPTURAS,131
2025,11,CAUCA,CAPTURAS,316
2025,11,CESAR,CAPTURAS,277
2025,11,CHOCÓ,CAPTURAS,82
2025,11,CUNDINAMARCA,CAPTURAS,613
2025,11,CÓRDOBA,CAPTURAS,195
2025,11,GUAINÍA,CAPTURAS,12
2025,11,GUAJIRA,CAPTURAS,179
2025,11,GUAVIARE,CAPTURAS,34
2025,11,HUILA,CAPTURAS,366
2025,11,MAGDALENA,CAPTURAS,264
2025,11,META,CAPTURAS,479
2025,11,NARIÑO,CAPTURAS,350
2025,11,NORTE DE SANTANDER,CAPTURAS,366
2025,11,PUTUMAYO,CAPTURAS,70
2025,11,QUINDÍO,CAPTURAS,189
2025,11,RISARALDA,CAPTURAS,369
2025,11,SAN ANDRÉS,CAPTURAS,14
2025,11,SANTANDER,CAPTURAS,771
2025,11,SUCRE,CAPTURAS,168
2025,11,TOLIMA,CAPTURAS,357
2025,11,VALLE,CAPTURAS,985
2025,11,VAUPÉS,CAPTURAS,5
2025,11,VICHADA,CAPTURAS,16
2025,12,AMAZONAS,CAPTURAS,16
2025,12,ANTIOQUIA,CAPTURAS,937
2025,12,ARAUCA,CAPTURAS,20
2025,12,ATLÁNTICO,CAPTURAS,410
2025,12,BOGOTA,CAPTURAS,854
2025,12,BOLÍVAR,CAPTURAS,268
2025,12,BOYACÁ,CAPTURAS,217
2025,12,CALDAS,CAPTURAS,139
2025,12,CAQUETÁ,CAPTURAS,43
2025,12,CASANARE,CAPTURAS,109
2025,12,CAUCA,CAPTURAS,208
2025,12,CESAR,CAPTURAS,178
2025,12,CHOCÓ,CAPTURAS,24
2025,12,CUNDINAMARCA,CAPTURAS,324
2025,12,CÓRDOBA,CAPTURAS,137
2025,12,GUAINÍA,CAPTURAS,6
2025,12,GUAJIRA,CAPTURAS,131
2025,12,GUAVIARE,CAPTURAS,34
2025,12,HUILA,CAPTURAS,195
2025,12,MAGDALENA,CAPTURAS,183
2025,12,META,CAPTURAS,391
2025,12,NARIÑO,CAPTURAS,209
2025,12,NORTE DE SANTANDER,CAPTURAS,241
2025,12,PUTUMAYO,CAPTURAS,76
2025,12,QUINDÍO,CAPTURAS,118
2025,12,RISARALDA,CAPTURAS,268
2025,12,SAN ANDRÉS,CAPTURAS,18
2025,12,SANTANDER,CAPTURAS,509
2025,12,SUCRE,CAPTURAS,98
2025,12,TOLIMA,CAPTURAS,246
2025,12,VALLE,CAPTURAS,661
2025,12,VAUPÉS,CAPTURAS,5
2025,12,VICHADA,CAPTURAS,13
2026,1,AMAZONAS,CAPTURAS,49
2026,1,ANTIOQUIA,CAPTURAS,2552
2026,1,ARAUCA,CAPTURAS,46
2026,1,ATLÁNTICO,CAPTURAS,822
2026,1,BOGOTA,CAPTURAS,2458
2026,1,BOLÍVAR,CAPTURAS,928
2026,1,BOYACÁ,CAPTURAS,474
2026,1,CALDAS,CAPTURAS,705
2026,1,CAQUETÁ,CAPTURAS,121
2026,1,CASANARE,CAPTURAS,173
2026,1,CAUCA,CAPTURAS,315
2026,1,CESAR,CAPTURAS,378
2026,1,CHOCÓ,CAPTURAS,103
2026,1,CUNDINAMARCA,CAPTURAS,1055
2026,1,CÓRDOBA,CAPTURAS,405
2026,1,GUAINÍA,CAPTURAS,21
2026,1,GUAJIRA,CAPTURAS,262
2026,1,GUAVIARE,CAPTURAS,47
2026,1,HUILA,CAPTURAS,505
2026,1,MAGDALENA,CAPTURAS,345
2026,1,META,CAPTURAS,628
2026,1,NARIÑO,CAPTURAS,647
2026,1,NORTE DE SANTANDER,CAPTURAS,456
2026,1,PUTUMAYO,CAPTURAS,132
2026,1,QUINDÍO,CAPTURAS,310
2026,1,RISARALDA,CAPTURAS,593
2026,1,SAN ANDRÉS,CAPTURAS,30
2026,1,SANTANDER,CAPTURAS,1014
2026,1,SUCRE,CAPTURAS,212
2026,1,TOLIMA,CAPTURAS,422
2026,1,VALLE,CAPTURAS,1124
2026,1,VAUPÉS,CAPTURAS,7
2026,1,VICHADA,CAPTURAS,17
2026,2,AMAZONAS,CAPTURAS,52
2026,2,ANTIOQUIA,CAPTURAS,2732
2026,2,ARAUCA,CAPTURAS,69
2026,2,ATLÁNTICO,CAPTURAS,944
2026,2,BOGOTA,CAPTURAS,3766
2026,2,BOLÍVAR,CAPTURAS,1119
2026,2,BOYACÁ,CAPTURAS,513
2026,2,CALDAS,CAPTURAS,756
2026,2,CAQUETÁ,CAPTURAS,164
2026,2,CASANARE,CAPTURAS,176
2026,2,CAUCA,CAPTURAS,443
2026,2,CESAR,CAPTURAS,493
2026,2,CHOCÓ,CAPTURAS,104
2026,2,CUNDINAMARCA,CAPTURAS,1172
2026,2,CÓRDOBA,CAPTURAS,478
2026,2,GUAINÍA,CAPTURAS,23
2026,2,GUAJIRA,CAPTURAS,250
2026,2,GUAVIARE,CAPTURAS,39
2026,2,HUILA,CAPTURAS,648
2026,2,MAGDALENA,CAPTURAS,332
2026,2,META,CAPTURAS,635
2026,2,NARIÑO,CAPTURAS,714
2026,2,NORTE DE SANTANDER,CAPTURAS,588
2026,2,PUTUMAYO,CAPTURAS,165
2026,2,QUINDÍO,CAPTURAS,342
2026,2,RISARALDA,CAPTURAS,656
2026,2,SAN ANDRÉS,CAPTURAS,35
2026,2,SANTANDER,CAPTURAS,1299
2026,2,SUCRE,CAPTURAS,246
2026,2,TOLIMA,CAPTURAS,519
2026,2,VALLE,CAPTURAS,1332
2026,2,VAUPÉS,CAPTURAS,16
2026,2,VICHADA,CAPTURAS,16
2026,3,AMAZONAS,CAPTURAS,43
2026,3,ANTIOQUIA,CAPTURAS,2646
2026,3,ARAUCA,CAPTURAS,61
2026,3,ATLÁNTICO,CAPTURAS,892
2026,3,BOGOTA,CAPTURAS,3516
2026,3,BOLÍVAR,CAPTURAS,923
2026,3,BOYACÁ,CAPTURAS,473
2026,3,CALDAS,CAPTURAS,733
2026,3,CAQUETÁ,CAPTURAS,130
2026,3,CASANARE,CAPTURAS,198
2026,3,CAUCA,CAPTURAS,462
2026,3,CESAR,CAPTURAS,414
2026,3,CHOCÓ,CAPTURAS,105
2026,3,CUNDINAMARCA,CAPTURAS,1138
2026,3,CÓRDOBA,CAPTURAS,482
2026,3,GUAINÍA,CAPTURAS,22
2026,3,GUAJIRA,CAPTURAS,247
2026,3,GUAVIARE,CAPTURAS,61
2026,3,HUILA,CAPTURAS,604
2026,3,MAGDALENA,CAPTURAS,351
2026,3,META,CAPTURAS,709
2026,3,NARIÑO,CAPTURAS,639
2026,3,NORTE DE SANTANDER,CAPTURAS,573
2026,3,PUTUMAYO,CAPTURAS,131
2026,3,QUINDÍO,CAPTURAS,259
2026,3,RISARALDA,CAPTURAS,561
2026,3,SAN ANDRÉS,CAPTURAS,34
2026,3,SANTANDER,CAPTURAS,1066
2026,3,SUCRE,CAPTURAS,221
2026,3,TOLIMA,CAPTURAS,460
2026,3,VALLE,CAPTURAS,1516
2026,3,VAUPÉS,CAPTURAS,4
2026,3,VICHADA,CAPTURAS,29
2026,4,AMAZONAS,CAPTURAS,38
2026,4,ANTIOQUIA,CAPTURAS,2243
2026,4,ARAUCA,CAPTURAS,31
2026,4,ATLÁNTICO,CAPTURAS,829
2026,4,BOGOTA,CAPTURAS,2993
2026,4,BOLÍVAR,CAPTURAS,724
2026,4,BOYACÁ,CAPTURAS,415
2026,4,CALDAS,CAPTURAS,670
2026,4,CAQUETÁ,CAPTURAS,104
2026,4,CASANARE,CAPTURAS,142
2026,4,CAUCA,CAPTURAS,310
2026,4,CESAR,CAPTURAS,375
2026,4,CHOCÓ,CAPTURAS,90
2026,4,CUNDINAMARCA,CAPTURAS,1002
2026,4,CÓRDOBA,CAPTURAS,410
2026,4,GUAINÍA,CAPTURAS,23
2026,4,GUAJIRA,CAPTURAS,223
2026,4,GUAVIARE,CAPTURAS,35
2026,4,HUILA,CAPTURAS,476
2026,4,MAGDALENA,CAPTURAS,339
2026,4,META,CAPTURAS,664
2026,4,NARIÑO,CAPTURAS,506
2026,4,NORTE DE SANTANDER,CAPTURAS,590
2026,4,PUTUMAYO,CAPTURAS,126
2026,4,QUINDÍO,CAPTURAS,201
2026,4,RISARALDA,CAPTURAS,466
2026,4,SAN ANDRÉS,CAPTURAS,55
2026,4,SANTANDER,CAPTURAS,909
2026,4,SUCRE,CAPTURAS,203
2026,4,TOLIMA,CAPTURAS,455
2026,4,VALLE,CAPTURAS,1369
2026,4,VAUPÉS,CAPTURAS,2
2026,4,VICHADA,CAPTURAS,13
2026,5,AMAZONAS,CAPTURAS,36
2026,5,ANTIOQUIA,CAPTURAS,2810
2026,5,ARAUCA,CAPTURAS,41
2026,5,ATLÁNTICO,CAPTURAS,1008
2026,5,BOGOTA,CAPTURAS,3601
2026,5,BOLÍVAR,CAPTURAS,864
2026,5,BOYACÁ,CAPTURAS,466
2026,5,CALDAS,CAPTURAS,682
2026,5,CAQUETÁ,CAPTURAS,148
2026,5,CASANARE,CAPTURAS,200
2026,5,CAUCA,CAPTURAS,392
2026,5,CESAR,CAPTURAS,390
2026,5,CHOCÓ,CAPTURAS,81
2026,5,CUNDINAMARCA,CAPTURAS,1244
2026,5,CÓRDOBA,CAPTURAS,408
2026,5,GUAINÍA,CAPTURAS,24
2026,5,GUAJIRA,CAPTURAS,250
2026,5,GUAVIARE,CAPTURAS,54
2026,5,HUILA,CAPTURAS,576
2026,5,MAGDALENA,CAPTURAS,406
2026,5,META,CAPTURAS,778
2026,5,NARIÑO,CAPTURAS,754
2026,5,NORTE DE SANTANDER,CAPTURAS,646
2026,5,PUTUMAYO,CAPTURAS,149
2026,5,QUINDÍO,CAPTURAS,243
2026,5,RISARALDA,CAPTURAS,545
2026,5,SAN ANDRÉS,CAPTURAS,36
2026,5,SANTANDER,CAPTURAS,1167
2026,5,SUCRE,CAPTURAS,251
2026,5,TOLIMA,CAPTURAS,574
2026,5,VALLE,CAPTURAS,1547
2026,5,VAUPÉS,CAPTURAS,18
2026,5,VICHADA,CAPTURAS,16
2026,6,AMAZONAS,CAPTURAS,40
2026,6,ANTIOQUIA,CAPTURAS,2551
2026,6,ARAUCA,CAPTURAS,38
2026,6,ATLÁNTICO,CAPTURAS,906
2026,6,BOGOTA,CAPTURAS,3164
2026,6,BOLÍVAR,CAPTURAS,701
2026,6,BOYACÁ,CAPTURAS,392
2026,6,CALDAS,CAPTURAS,617
2026,6,CAQUETÁ,CAPTURAS,123
2026,6,CASANARE,CAPTURAS,174
2026,6,CAUCA,CAPTURAS,412
2026,6,CESAR,CAPTURAS,389
2026,6,CHOCÓ,CAPTURAS,84
2026,6,CUNDINAMARCA,CAPTURAS,950
2026,6,CÓRDOBA,CAPTURAS,383
2026,6,GUAINÍA,CAPTURAS,15
2026,6,GUAJIRA,CAPTURAS,229
2026,6,GUAVIARE,CAPTURAS,46
2026,6,HUILA,CAPTURAS,451
2026,6,MAGDALENA,CAPTURAS,308
2026,6,META,CAPTURAS,685
2026,6,NARIÑO,CAPTURAS,664
2026,6,NORTE DE SANTANDER,CAPTURAS,570
2026,6,PUTUMAYO,CAPTURAS,119
2026,6,QUINDÍO,CAPTURAS,176
2026,6,RISARALDA,CAPTURAS,524
2026,6,SAN ANDRÉS,CAPTURAS,39
2026,6,SANTANDER,CAPTURAS,941
2026,6,SUCRE,CAPTURAS,261
2026,6,TOLIMA,CAPTURAS,504
2026,6,VALLE,CAPTURAS,1286
2026,6,VAUPÉS,CAPTURAS,19
2026,6,VICHADA,CAPTURAS,28
2026,7,AMAZONAS,CAPTURAS,30
2026,7,ANTIOQUIA,CAPTURAS,2376
2026,7,ARAUCA,CAPTURAS,34
2026,7,ATLÁNTICO,CAPTURAS,794
2026,7,BOGOTA,CAPTURAS,3639
2026,7,BOLÍVAR,CAPTURAS,634
2026,7,BOYACÁ,CAPTURAS,408
2026,7,CALDAS,CAPTURAS,622
2026,7,CAQUETÁ,CAPTURAS,110
2026,7,CASANARE,CAPTURAS,175
2026,7,CAUCA,CAPTURAS,310
2026,7,CESAR,CAPTURAS,323
2026,7,CHOCÓ,CAPTURAS,52
2026,7,CUNDINAMARCA,CAPTURAS,957
2026,7,CÓRDOBA,CAPTURAS,380
2026,7,GUAINÍA,CAPTURAS,17
2026,7,GUAJIRA,CAPTURAS,257
2026,7,GUAVIARE,CAPTURAS,67
2026,7,HUILA,CAPTURAS,400
2026,7,MAGDALENA,CAPTURAS,337
2026,7,META,CAPTURAS,731
2026,7,NARIÑO,CAPTURAS,549
2026,7,NORTE DE SANTANDER,CAPTURAS,498
2026,7,PUTUMAYO,CAPTURAS,141
2026,7,QUINDÍO,CAPTURAS,197
2026,7,RISARALDA,CAPTURAS,540
2026,7,SAN ANDRÉS,CAPTURAS,45
2026,7,SANTANDER,CAPTURAS,819
2026,7,SUCRE,CAPTURAS,270
2026,7,TOLIMA,CAPTURAS,434
2026,7,VALLE,CAPTURAS,1297
2026,7,VAUPÉS,CAPTURAS,15
2026,7,VICHADA,CAPTURAS,15
2026,8,AMAZONAS,CAPTURAS,38
2026,8,ANTIOQUIA,CAPTURAS,2477
2026,8,ARAUCA,CAPTURAS,44
2026,8,ATLÁNTICO,CAPTURAS,803
2026,8,BOGOTA,CAPTURAS,3621
2026,8,BOLÍVAR,CAPTURAS,703
2026,8,BOYACÁ,CAPTURAS,413
2026,8,CALDAS,CAPTURAS,544
2026,8,CAQUETÁ,CAPTURAS,98
2026,8,CASANARE,CAPTURAS,176
2026,8,CAUCA,CAPTURAS,324
2026,8,CESAR,CAPTURAS,408
2026,8,CHOCÓ,CAPTURAS,47
2026,8,CUNDINAMARCA,CAPTURAS,1007
2026,8,CÓRDOBA,CAPTURAS,388
2026,8,GUAINÍA,CAPTURAS,13
2026,8,GUAJIRA,CAPTURAS,279
2026,8,GUAVIARE,CAPTURAS,68
2026,8,HUILA,CAPTURAS,403
2026,8,MAGDALENA,CAPTURAS,293
2026,8,META,CAPTURAS,708
2026,8,NARIÑO,CAPTURAS,549
2026,8,NORTE DE SANTANDER,CAPTURAS,415
2026,8,PUTUMAYO,CAPTURAS,134
2026,8,QUINDÍO,CAPTURAS,116
2026,8,RISARALDA,CAPTURAS,299
2026,8,SAN ANDRÉS,CAPTURAS,34
2026,8,SANTANDER,CAPTURAS,848
2026,8,SUCRE,CAPTURAS,247
2026,8,TOLIMA,CAPTURAS,436
2026,8,VALLE,CAPTURAS,1102
2026,8,VAUPÉS,CAPTURAS,11
2026,8,VICHADA,CAPTURAS,18
